Workbook

Sheet egyéni teljesítményszázalékok
A1: egység | B1: hónap | C1: taj | D1: név | E1: besorolas | F1: teljóra | G1: normaperc | H1: idöbér | I1: egyéni teljesítményszázalékok | J1: monthly supplements | K1: difference
A2: Szabászat | B2: 2024-12 | C2: 76245084 | D2: Csermákné Szalai Margit | E2: B | F2: 110.25 | G2: 0 | H2: 1.75 | I2: 0 | K2: =I2-J2 -> 0
A3: Szabászat | B3: 2024-12 | C3: 76256235 | D3: Varga Éva | E3: B | F3: 64 | G3: 0 | H3: 56 | I3: 0 | K3: =I3-J3 -> 0
A4: Szabászat | B4: 2024-12 | C4: 87774414 | D4: Vig Edit Piroska | E4: B | F4: 32 | G4: 0 | H4: 64 | I4: 0 | K4: =I4-J4 -> 0
A5: Szabászat | B5: 2024-12 | C5: 90734676 | D5: Boros Szilvia | E5: B | F5: 48 | G5: 0 | H5: 72 | I5: 0 | K5: =I5-J5 -> 0
A6: Szabászat | B6: 2024-12 | C6: 107968049 | D6: Kovács Katalin Ágnes | E6: B | F6: 90 | G6: 0 | H6: 0 | I6: 0 | K6: =I6-J6 -> 0
A7: Szegh. Csomagoló | B7: 2024-12 | C7: 76984143 | D7: Lovas Károlyné | E7: B | F7: 96 | G7: 0 | H7: 0 | I7: 0 | K7: =I7-J7 -> 0
A8: Szegh. Csomagoló | B8: 2024-12 | C8: 80997854 | D8: Balog Ildikó | E8: C | F8: 104 | G8: 0 | H8: 24 | I8: 0 | K8: =I8-J8 -> 0
A9: Szegh. Csomagoló | B9: 2024-12 | C9: 92949076 | D9: Otleczné Boros Tímea | E9: B | F9: 90 | G9: 0 | H9: 0 | I9: 0 | K9: =I9-J9 -> 0
A10: Szegh. Gyárt. E. | B10: 2024-12 | C10: 76892334 | D10: Németi Ildikó | E10: B | F10: 136 | G10: 0 | H10: 0 | I10: 0 | K10: =I10-J10 -> 0
A11: Szegh. Gyárt. E. | B11: 2024-12 | C11: 77540935 | D11: Kormányos Ágnes | E11: C | F11: 127.5 | G11: 0 | H11: 0.5 | I11: 0 | K11: =I11-J11 -> 0
A12: Szegh. Gyárt. E. | B12: 2024-12 | C12: 78262559 | D12: Hajduné Lengyel Mária | E12: C | F12: 136 | G12: 0 | H12: 0 | I12: 0 | K12: =I12-J12 -> 0
A13: Szegh. Gyárt. E. | B13: 2024-12 | C13: 78978780 | D13: Pappné Kovács Andrea | E13: C | F13: 128 | G13: 0 | H13: 0 | I13: 0 | K13: =I13-J13 -> 0
... A35: TERMÉKFEJLESZTÉS | B35: 2024-12 | C35: 90878972 | D35: Magyar Erika | E35: B | F35: 120 | G35: 0 | H35: 0 | I35: 0 | K35: =I35-J35 -> 0
A36: Varroda 1 | B36: 2024-12 | C36: 73454913 | D36: Szőllősi Mihályné | E36: B | F36: 104 | G36: 64688 | H36: 16 | I36: 62.2 | J36: =VLOOKUP(C36,'monthly supplements'!C:K,9,0) -> 97.43 | K36: =I36-J36 -> -35.23
A37: Varroda 1 | B37: 2024-12 | C37: 73707439 | D37: Vaszkó Imréné | E37: B | F37: 115 | G37: 75174 | H37: 13 | I37: 65.37 | J37: =VLOOKUP(C37,'monthly supplements'!C:K,9,0) -> 75.24 | K37: =I37-J37 -> -9.87
A38: Varroda 1 | B38: 2024-12 | C38: 74688759 | D38: Darvasi Jolán | E38: B | F38: 88 | G38: 69019 | H38: 40 | I38: 78.43 | J38: =VLOOKUP(C38,'monthly supplements'!C:K,9,0) -> 78.43 | K38: =I38-J38 -> 0
A39: Varroda 1 | B39: 2024-12 | C39: 75836214 | D39: Gellén Gyuláné | E39: A | F39: 73.5 | G39: 44508 | H39: 22.5 | I39: 60.56 | J39: =VLOOKUP(C39,'monthly supplements'!C:K,9,0) -> 65.59 | K39: =I39-J39 -> -5.03
A40: Varroda 1 | B40: 2024-12 | C40: 76001341 | D40: Pásztor Ilona | E40: A | F40: 87 | G40: 47533 | H40: 33 | I40: 54.64 | J40: =VLOOKUP(C40,'monthly supplements'!C:K,9,0) -> 72.55 | K40: =I40-J40 -> -17.91
A41: Varroda 1 | B41: 2024-12 | C41: 76814530 | D41: Kovácsné Gurmai Terézia | E41: A | F41: 114.17 | G41: 60476 | H41: 5.83 | I41: 52.97 | J41: =VLOOKUP(C41,'monthly supplements'!C:K,9,0) -> 71.87 | K41: =I41-J41 -> -18.9
A42: Varroda 1 | B42: 2024-12 | C42: 77094067 | D42: Papp Sándor Károlyné | E42: A | F42: 104.5 | G42: 56423 | H42: 7.5 | I42: 53.99 | J42: =VLOOKUP(C42,'monthly supplements'!C:K,9,0) -> 68.28 | K42: =I42-J42 -> -14.29
A43: Varroda 1 | B43: 2024-12 | C43: 77626660 | D43: Bélteki Gyuláné | E43: B | F43: 42 | G43: 26684 | H43: 7 | I43: 63.53 | J43: =VLOOKUP(C43,'monthly supplements'!C:K,9,0) -> 63.53 | K43: =I43-J43 -> 0
A44: Varroda 1 | B44: 2024-12 | C44: 78121546 | D44: Sági Lászlóné | E44: C | F44: 95.5 | G44: 82494 | H44: 8.5 | I44: 86.38 | J44: =VLOOKUP(C44,'monthly supplements'!C:K,9,0) -> 103.3 | K44: =I44-J44 -> -16.92
A45: Varroda 1 | B45: 2024-12 | C45: 78240748 | D45: Cseh Edina | E45: A | F45: 104 | G45: 73192 | H45: 8 | I45: 70.38 | J45: =VLOOKUP(C45,'monthly supplements'!C:K,9,0) -> 70.38 | K45: =I45-J45 -> 0
A46: Varroda 1 | B46: 2024-12 | C46: 78457139 | D46: Kecskés Mihályné | E46: A | F46: 85 | G46: 25859 | H46: 11 | I46: 30.42 | J46: =VLOOKUP(C46,'monthly supplements'!C:K,9,0) -> 79.87 | K46: =I46-J46 -> -49.45
A47: Varroda 1 | B47: 2024-12 | C47: 78917125 | D47: Csontos Éva | E47: B | F47: 94 | G47: 83910 | H47: 18 | I47: 89.27 | J47: =VLOOKUP(C47,'monthly supplements'!C:K,9,0) -> 96.41 | K47: =I47-J47 -> -7.14
... A181: Varroda 5 | B181: 2024-12 | C181: 123264123 | D181: Hupczej Henrietta | E181: A | F181: 128 | G181: 0 | H181: 0 | I181: 0 | J181: =VLOOKUP(C181,'monthly supplements'!C:K,9,0) -> 0 | K181: =I181-J181 -> 0
A182: Vállpánt.készítés | B182: 2024-12 | C182: 76795929 | D182: Edömérné Perei Erzsébet Anna | E182: B | F182: 0 | G182: 0 | H182: 80 | I182: 0 | K182: =I182-J182 -> 0
A183: Vállpánt.készítés | B183: 2024-12 | C183: 76804197 | D183: Gerencsér Lászlóné | E183: C | F183: 8 | G183: 0 | H183: 120 | I183: 0 | K183: =I183-J183 -> 0
A184: Vállpánt.készítés | B184: 2024-12 | C184: 77374835 | D184: Vass Eszter | E184: B | F184: 0 | G184: 0 | H184: 80 | I184: 0 | K184: =I184-J184 -> 0
A185: Vállpánt.készítés | B185: 2024-12 | C185: 78035382 | D185: Farkas Tiborné | E185: A | F185: 0 | G185: 0 | H185: 84 | I185: 0 | K185: =I185-J185 -> 0
A186: Vállpánt.készítés | B186: 2024-12 | C186: 80211251 | D186: Smiri Sándorné | E186: B | F186: 0 | G186: 0 | H186: 88 | I186: 0 | K186: =I186-J186 -> 0
A187: Vállpánt.készítés | B187: 2024-12 | C187: 83668843 | D187: Németh Viktorné | E187: B | F187: 0 | G187: 0 | H187: 88 | I187: 0 | K187: =I187-J187 -> 0
A188: Vállpánt.készítés | B188: 2024-12 | C188: 86555700 | D188: Juhász Eszter | E188: A | F188: 0 | G188: 0 | H188: 0 | I188: 0 | K188: =I188-J188 -> 0
A189: Vállpánt.készítés | B189: 2024-12 | C189: 107033310 | D189: Koncz Fatime | E189: B | F189: 0 | G189: 0 | H189: 104 | I189: 0 | K189: =I189-J189 -> 0

Sheet monthly supplements
A1: Name | B1: UnitWork | C1: TAJCode | D1: Category | E1: NormaMinutes | F1: WorkHours | G1: OtherHours | H1: OverHours | I1: AbsenceHours | J1: AbsenceDays | K1: AvgEfficiencyFactor | L1: MP | M1: JP | N1: KAP | O1: AccrueOverhead
A2: Barta Marianna | B2: Varroda 1 | C2: 85545319 | D2: A | E2: 16446 | F2: 25 | G2: 95 | H2: 0 | I2: 0 | J2: 0 | K2: 65.78 | L2: 7000 | M2: 0 | N2: 0 | O2: 1
A3: Bere Gabriella | B3: Varroda 1 | C3: 91133474 | D3: C | E3: 34199 | F3: 59 | G3: 29 | H3: 0 | I3: 0 | J3: 5 | K3: 57.96 | L3: 0 | M3: 0 | N3: 0 | O3: 0
A4: Bujdosó Szilvia | B4: Varroda 1 | C4: 87793774 | D4: A | E4: 43501 | F4: 63 | G4: 17 | H4: 0 | I4: 0 | J4: 6 | K4: 69.05 | L4: 0 | M4: 0 | N4: 0 | O4: 0
A5: Bélteki Gyuláné | B5: Varroda 1 | C5: 77626660 | D5: B | E5: 26684 | F5: 42 | G5: 7 | H5: 0 | I5: 0 | J5: 6 | K5: 63.53 | L5: 0 | M5: 0 | N5: 0 | O5: 0
A6: Cseh Edina | B6: Varroda 1 | C6: 78240748 | D6: A | E6: 73192 | F6: 104 | G6: 8 | H6: 0 | I6: 0 | J6: 0 | K6: 70.38 | L6: 7000 | M6: 0 | N6: 0 | O6: 1
A7: Csontos Éva | B7: Varroda 1 | C7: 78917125 | D7: B | E7: 90630 | F7: 94 | G7: 18 | H7: 0 | I7: 0 | J7: 0 | K7: 96.41 | L7: 54000 | M7: 0 | N7: 13500 | O7: 1
A8: Darvasi Jolán | B8: Varroda 1 | C8: 74688759 | D8: B | E8: 69019 | F8: 88 | G8: 40 | H8: 0 | I8: 0 | J8: 0 | K8: 78.43 | L8: 7000 | M8: 0 | N8: 0 | O8: 1
A9: Faránki Ilona | B9: Varroda 1 | C9: 91061599 | D9: A | E9: 105584 | F9: 114 | G9: 14 | H9: 0 | I9: 0 | J9: 0 | K9: 92.62 | L9: 44000 | M9: 0 | N9: 11000 | O9: 1
A10: Gellén Gyuláné | B10: Varroda 1 | C10: 75836214 | D10: A | E10: 48209 | F10: 73.5 | G10: 22.5 | H10: 0 | I10: 0 | J10: 0 | K10: 65.59 | L10: 7000 | M10: 0 | N10: 0 | O10: 1
A11: Győri Attiláné | B11: Varroda 1 | C11: 81972344 | D11: C | E11: 67346 | F11: 89 | G11: 31 | H11: 0 | I11: 0 | J11: 0 | K11: 75.67 | L11: 7000 | M11: 0 | N11: 0 | O11: 1
A12: Gáborné Kürti Eszter | B12: Varroda 1 | C12: 79183819 | D12: B | E12: 48885 | F12: 72 | G12: 32 | H12: 0 | I12: 0 | J12: 0 | K12: 67.9 | L12: 7000 | M12: 0 | N12: 0 | O12: 1
A13: Kecskés Mihályné | B13: Varroda 1 | C13: 78457139 | D13: A | E13: 67889 | F13: 85 | G13: 11 | H13: 0 | I13: 0 | J13: 0 | K13: 79.87 | L13: 7000 | M13: 0 | N13: 0 | O13: 1
... A147: Vámos Károlyné | B147: Varroda 5 | C147: 79054243 | D147: C | E147: 72986 | F147: 65 | G147: 63 | H147: 0 | I147: 0 | J147: 0 | K147: 112.29 | L147: 68000 | M147: 0 | N147: 17000 | O147: 1
